,38 Provinsi,Februari,Agustus,Tahun
0,SUMATERA UTARA,8.01,7.43,2010
1,SUMATERA BARAT,7.57,6.95,2010
2,RIAU,7.21,8.72,2010
3,JAMBI,4.45,5.39,2010
4,SUMATERA SELATAN,6.55,6.65,2010
5,BENGKULU,4.06,4.59,2010
6,LAMPUNG,5.95,5.57,2010
7,KEP. BANGKA BELITUNG,4.24,5.63,2010
8,KEP. RIAU,7.21,6.9,2010
9,DKI JAKARTA,11.32,11.05,2010
10,JAWA BARAT,10.57,10.33,2010
11,JAWA TENGAH,6.86,6.21,2010
12,DI YOGYAKARTA,6.02,5.69,2010
13,JAWA TIMUR,4.91,4.25,2010
14,BANTEN,14.13,13.68,2010
15,BALI,3.57,3.06,2010
16,NUSA TENGGARA BARAT,5.78,5.29,2010
17,NUSA TENGGARA TIMUR,3.49,3.34,2010
18,KALIMANTAN BARAT,5.5,4.62,2010
19,KALIMANTAN TENGAH,3.88,4.14,2010
20,KALIMANTAN SELATAN,5.89,5.25,2010
21,KALIMANTAN TIMUR,10.45,10.1,2010
22,KALIMANTAN UTARA,4.766363636363637,4.784000000000001,2010
23,SULAWESI UTARA,10.48,9.61,2010
24,SULAWESI TENGAH,4.89,4.61,2010
25,SULAWESI SELATAN,7.99,8.37,2010
26,SULAWESI TENGGARA,4.77,4.61,2010
27,GORONTALO,5.05,5.16,2010
28,SULAWESI BARAT,4.1,3.25,2010
29,MALUKU,9.13,9.97,2010
30,MALUKU UTARA,6.03,6.03,2010
31,PAPUA BARAT,7.77,7.68,2010
32,PAPUA BARAT DAYA,6.3149999999999995,6.48,2010
33,PAPUA,4.08,3.55,2010
34,PAPUA SELATAN,4.825,4.05,2010
35,PAPUA TENGAH,3.02,2.75,2010
36,PAPUA PEGUNUNGAN,1.43,1.32,2010
37,INDONESIA,7.41,7.14,2010
38,SUMATERA UTARA,7.47,8.18,2011
39,SUMATERA BARAT,7.51,8.02,2011
40,RIAU,7.51,6.09,2011
41,JAMBI,3.98,4.63,2011
42,SUMATERA SELATAN,6.29,6.6,2011
43,BENGKULU,3.46,3.46,2011
44,LAMPUNG,5.52,6.38,2011
45,KEP. BANGKA BELITUNG,3.31,3.86,2011
46,KEP. RIAU,7.2,5.38,2011
47,DKI JAKARTA,10.86,11.69,2011
48,JAWA BARAT,10.01,9.96,2011
49,JAWA TENGAH,6.18,7.07,2011
50,DI YOGYAKARTA,5.54,4.39,2011
51,JAWA TIMUR,4.24,5.38,2011
52,BANTEN,13.62,13.74,2011
53,BALI,3.0,2.95,2011
54,NUSA TENGGARA BARAT,5.46,5.25,2011
55,NUSA TENGGARA TIMUR,2.76,3.11,2011
56,KALIMANTAN BARAT,5.23,4.6,2011
57,KALIMANTAN TENGAH,3.83,3.54,2011
58,KALIMANTAN SELATAN,5.74,6.29,2011
59,KALIMANTAN TIMUR,10.9,11.43,2011
60,KALIMANTAN UTARA,4.766363636363637,4.784000000000001,2011
61,SULAWESI UTARA,9.74,10.1,2011
62,SULAWESI TENGAH,4.31,6.78,2011
63,SULAWESI SELATAN,6.89,8.13,2011
64,SULAWESI TENGGARA,4.45,4.69,2011
65,GORONTALO,4.95,6.74,2011
66,SULAWESI BARAT,2.77,3.35,2011
67,MALUKU,8.18,10.81,2011
68,MALUKU UTARA,5.8,5.34,2011
69,PAPUA BARAT,6.82,6.73,2011
70,PAPUA BARAT DAYA,6.3149999999999995,6.48,2011
71,PAPUA,3.84,5.02,2011
72,PAPUA SELATAN,4.825,4.05,2011
73,PAPUA TENGAH,3.02,2.75,2011
74,PAPUA PEGUNUNGAN,1.43,1.32,2011
75,INDONESIA,6.96,7.48,2011
76,SUMATERA UTARA,6.43,6.28,2012
77,SUMATERA BARAT,6.49,6.65,2012
78,RIAU,5.29,4.37,2012
79,JAMBI,3.69,3.2,2012
80,SUMATERA SELATAN,5.6,5.66,2012
81,BENGKULU,2.18,3.62,2012
82,LAMPUNG,5.21,5.2,2012
83,KEP. BANGKA BELITUNG,2.82,3.43,2012
84,KEP. RIAU,5.71,5.08,2012
85,DKI JAKARTA,10.6,9.67,2012
86,JAWA BARAT,9.84,9.08,2012
87,JAWA TENGAH,5.9,5.61,2012
88,DI YOGYAKARTA,3.98,3.9,2012
89,JAWA TIMUR,4.16,4.11,2012
90,BANTEN,10.68,9.94,2012
91,BALI,2.23,2.1,2012
92,NUSA TENGGARA BARAT,5.23,5.23,2012
93,NUSA TENGGARA TIMUR,2.53,3.04,2012
94,KALIMANTAN BARAT,3.42,3.54,2012
95,KALIMANTAN TENGAH,2.73,3.14,2012
96,KALIMANTAN SELATAN,4.34,5.19,2012
97,KALIMANTAN TIMUR,9.48,9.02,2012
98,KALIMANTAN UTARA,4.766363636363637,4.784000000000001,2012
99,SULAWESI UTARA,8.55,7.98,2012
100,SULAWESI TENGAH,3.75,3.95,2012
101,SULAWESI SELATAN,6.56,6.01,2012
102,SULAWESI TENGGARA,3.2,4.14,2012
103,GORONTALO,4.92,4.47,2012
104,SULAWESI BARAT,2.1,2.16,2012
105,MALUKU,7.59,7.71,2012
106,MALUKU UTARA,5.5,4.82,2012
107,PAPUA BARAT,6.57,5.42,2012
108,PAPUA BARAT DAYA,6.3149999999999995,6.48,2012
109,PAPUA,3.03,3.71,2012
110,PAPUA SELATAN,4.825,4.05,2012
111,PAPUA TENGAH,3.02,2.75,2012
112,PAPUA PEGUNUNGAN,1.43,1.32,2012
113,INDONESIA,6.37,6.13,2012
114,SUMATERA UTARA,6.09,6.45,2013
115,SUMATERA BARAT,6.39,7.02,2013
116,RIAU,4.19,5.48,2013
117,JAMBI,2.89,4.76,2013
118,SUMATERA SELATAN,5.41,4.84,2013
119,BENGKULU,2.1,4.61,2013
120,LAMPUNG,5.07,5.69,2013
121,KEP. BANGKA BELITUNG,3.22,3.65,2013
122,KEP. RIAU,6.05,5.63,2013
123,DKI JAKARTA,9.64,8.63,2013
124,JAWA BARAT,8.88,9.16,2013
125,JAWA TENGAH,5.53,6.01,2013
126,DI YOGYAKARTA,3.75,3.24,2013
127,JAWA TIMUR,3.97,4.3,2013
128,BANTEN,9.77,9.54,2013
129,BALI,1.93,1.83,2013
130,NUSA TENGGARA BARAT,5.28,5.3,2013
131,NUSA TENGGARA TIMUR,2.12,3.25,2013
132,KALIMANTAN BARAT,3.13,3.99,2013
133,KALIMANTAN TENGAH,1.81,3.0,2013
134,KALIMANTAN SELATAN,3.88,3.66,2013
135,KALIMANTAN TIMUR,8.94,7.95,2013
136,KALIMANTAN UTARA,4.766363636363637,4.784000000000001,2013
137,SULAWESI UTARA,7.5,6.79,2013
138,SULAWESI TENGAH,2.67,4.19,2013
139,SULAWESI SELATAN,5.88,5.1,2013
140,SULAWESI TENGGARA,3.43,4.38,2013
141,GORONTALO,4.51,4.15,2013
142,SULAWESI BARAT,2.02,2.35,2013
143,MALUKU,6.97,9.91,2013
144,MALUKU UTARA,5.5,3.8,2013
145,PAPUA BARAT,4.36,4.4,2013
146,PAPUA BARAT DAYA,6.3149999999999995,6.48,2013
147,PAPUA,2.91,3.15,2013
148,PAPUA SELATAN,4.825,4.05,2013
149,PAPUA TENGAH,3.02,2.75,2013
150,PAPUA PEGUNUNGAN,1.43,1.32,2013
151,INDONESIA,5.88,6.17,2013
152,SUMATERA UTARA,5.95,6.23,2014
153,SUMATERA BARAT,6.32,6.5,2014
154,RIAU,4.99,6.56,2014
155,JAMBI,2.5,5.08,2014
156,SUMATERA SELATAN,3.84,4.96,2014
157,BENGKULU,1.62,3.47,2014
158,LAMPUNG,5.08,4.79,2014
159,KEP. BANGKA BELITUNG,2.67,5.14,2014
160,KEP. RIAU,5.26,6.69,2014
161,DKI JAKARTA,9.84,8.47,2014
162,JAWA BARAT,8.66,8.45,2014
163,JAWA TENGAH,5.45,5.68,2014
164,DI YOGYAKARTA,2.16,3.33,2014
165,JAWA TIMUR,4.02,4.19,2014
166,BANTEN,9.87,9.07,2014
167,BALI,1.37,1.9,2014
168,NUSA TENGGARA BARAT,5.3,5.75,2014
169,NUSA TENGGARA TIMUR,1.97,3.26,2014
170,KALIMANTAN BARAT,2.53,4.04,2014
171,KALIMANTAN TENGAH,2.71,3.24,2014
172,KALIMANTAN SELATAN,4.03,3.8,2014
173,KALIMANTAN TIMUR,8.89,7.38,2014
174,KALIMANTAN UTARA,4.766363636363637,4.784000000000001,2014
175,SULAWESI UTARA,7.27,7.54,2014
176,SULAWESI TENGAH,2.92,3.68,2014
177,SULAWESI SELATAN,5.79,5.08,2014
178,SULAWESI TENGGARA,2.13,4.43,2014
179,GORONTALO,2.44,4.18,2014
180,SULAWESI BARAT,1.6,2.08,2014
181,MALUKU,6.59,10.51,2014
182,MALUKU UTARA,5.65,5.29,2014
183,PAPUA BARAT,3.7,5.02,2014
184,PAPUA BARAT DAYA,6.3149999999999995,6.48,2014
185,PAPUA,3.48,3.44,2014
186,PAPUA SELATAN,4.825,4.05,2014
187,PAPUA TENGAH,3.02,2.75,2014
188,PAPUA PEGUNUNGAN,1.43,1.32,2014
189,INDONESIA,5.7,5.94,2014
190,SUMATERA UTARA,6.39,6.71,2015
191,SUMATERA BARAT,5.99,6.89,2015
192,RIAU,6.72,7.83,2015
193,JAMBI,2.73,4.34,2015
194,SUMATERA SELATAN,5.03,6.07,2015
195,BENGKULU,3.21,4.91,2015
196,LAMPUNG,3.44,5.14,2015
197,KEP. BANGKA BELITUNG,3.35,6.29,2015
198,KEP. RIAU,9.05,6.2,2015
199,DKI JAKARTA,8.36,7.23,2015
200,JAWA BARAT,8.4,8.72,2015
201,JAWA TENGAH,5.31,4.99,2015
202,DI YOGYAKARTA,4.07,4.07,2015
203,JAWA TIMUR,4.31,4.47,2015
204,BANTEN,8.58,9.55,2015
205,BALI,1.37,1.99,2015
206,NUSA TENGGARA BARAT,4.98,5.69,2015
207,NUSA TENGGARA TIMUR,3.12,3.83,2015
208,KALIMANTAN BARAT,4.78,5.15,2015
209,KALIMANTAN TENGAH,3.14,4.54,2015
210,KALIMANTAN SELATAN,4.83,4.92,2015
211,KALIMANTAN TIMUR,7.17,7.5,2015
212,KALIMANTAN UTARA,5.79,5.68,2015
213,SULAWESI UTARA,8.69,9.03,2015
214,SULAWESI TENGAH,2.99,4.1,2015
215,SULAWESI SELATAN,5.81,5.95,2015
216,SULAWESI TENGGARA,3.62,5.55,2015
217,GORONTALO,3.06,4.65,2015
218,SULAWESI BARAT,1.81,3.35,2015
219,MALUKU,6.72,9.93,2015
220,MALUKU UTARA,5.56,6.05,2015
221,PAPUA BARAT,4.61,8.08,2015
222,PAPUA BARAT DAYA,6.3149999999999995,6.48,2015
223,PAPUA,3.72,3.99,2015
224,PAPUA SELATAN,4.825,4.05,2015
225,PAPUA TENGAH,3.02,2.75,2015
226,PAPUA PEGUNUNGAN,1.43,1.32,2015
227,INDONESIA,5.81,6.18,2015
228,SUMATERA UTARA,6.49,5.84,2016
229,SUMATERA BARAT,5.81,5.09,2016
230,RIAU,5.94,7.43,2016
231,JAMBI,4.66,4.0,2016
232,SUMATERA SELATAN,3.94,4.31,2016
233,BENGKULU,3.84,3.3,2016
234,LAMPUNG,4.54,4.62,2016
235,KEP. BANGKA BELITUNG,6.17,2.6,2016
236,KEP. RIAU,9.03,7.69,2016
237,DKI JAKARTA,5.77,6.12,2016
238,JAWA BARAT,8.57,8.89,2016
239,JAWA TENGAH,4.2,4.63,2016
240,DI YOGYAKARTA,2.81,2.72,2016
241,JAWA TIMUR,4.14,4.21,2016
242,BANTEN,7.95,8.92,2016
243,BALI,2.12,1.89,2016
244,NUSA TENGGARA BARAT,3.66,3.94,2016
245,NUSA TENGGARA TIMUR,3.59,3.25,2016
246,KALIMANTAN BARAT,4.58,4.23,2016
247,KALIMANTAN TENGAH,3.67,4.82,2016
248,KALIMANTAN SELATAN,3.63,5.45,2016
249,KALIMANTAN TIMUR,8.86,7.95,2016
250,KALIMANTAN UTARA,3.92,5.23,2016
251,SULAWESI UTARA,7.82,6.18,2016
252,SULAWESI TENGAH,3.46,3.29,2016
253,SULAWESI SELATAN,5.11,4.8,2016
254,SULAWESI TENGGARA,3.78,2.72,2016
255,GORONTALO,3.88,2.76,2016
256,SULAWESI BARAT,2.72,3.33,2016
257,MALUKU,6.98,7.05,2016
258,MALUKU UTARA,3.43,4.01,2016
259,PAPUA BARAT,5.73,7.46,2016
260,PAPUA BARAT DAYA,6.3149999999999995,6.48,2016
261,PAPUA,2.97,3.35,2016
262,PAPUA SELATAN,4.825,4.05,2016
263,PAPUA TENGAH,3.02,2.75,2016
264,PAPUA PEGUNUNGAN,1.43,1.32,2016
265,INDONESIA,5.5,5.61,2016
266,SUMATERA UTARA,6.41,5.6,2017
267,SUMATERA BARAT,5.8,5.58,2017
268,RIAU,5.76,6.22,2017
269,JAMBI,3.67,3.87,2017
270,SUMATERA SELATAN,3.8,4.39,2017
271,BENGKULU,2.81,3.74,2017
272,LAMPUNG,4.43,4.33,2017
273,KEP. BANGKA BELITUNG,4.46,3.78,2017
274,KEP. RIAU,6.44,7.16,2017
275,DKI JAKARTA,5.36,7.14,2017
276,JAWA BARAT,8.49,8.22,2017
277,JAWA TENGAH,4.15,4.57,2017
278,DI YOGYAKARTA,2.84,3.02,2017
279,JAWA TIMUR,4.1,4.0,2017
280,BANTEN,7.75,9.28,2017
281,BALI,1.28,1.48,2017
282,NUSA TENGGARA BARAT,3.86,3.32,2017
283,NUSA TENGGARA TIMUR,3.21,3.27,2017
284,KALIMANTAN BARAT,4.22,4.36,2017
285,KALIMANTAN TENGAH,3.13,4.23,2017
286,KALIMANTAN SELATAN,3.53,4.77,2017
287,KALIMANTAN TIMUR,8.55,6.91,2017
288,KALIMANTAN UTARA,5.17,5.54,2017
289,SULAWESI UTARA,6.12,7.18,2017
290,SULAWESI TENGAH,2.97,3.81,2017
291,SULAWESI SELATAN,4.77,5.61,2017
292,SULAWESI TENGGARA,3.14,3.3,2017
293,GORONTALO,3.65,4.28,2017
294,SULAWESI BARAT,2.98,3.21,2017
295,MALUKU,7.77,9.29,2017
296,MALUKU UTARA,4.82,5.33,2017
297,PAPUA BARAT,7.52,6.49,2017
298,PAPUA BARAT DAYA,6.3149999999999995,6.48,2017
299,PAPUA,3.96,3.62,2017
300,PAPUA SELATAN,4.825,4.05,2017
301,PAPUA TENGAH,3.02,2.75,2017
302,PAPUA PEGUNUNGAN,1.43,1.32,2017
303,INDONESIA,5.33,5.5,2017
304,SUMATERA UTARA,5.61,5.55,2018
305,SUMATERA BARAT,5.68,5.66,2018
306,RIAU,5.55,5.98,2018
307,JAMBI,3.56,3.73,2018
308,SUMATERA SELATAN,4.08,4.27,2018
309,BENGKULU,2.63,3.35,2018
310,LAMPUNG,4.32,4.04,2018
311,KEP. BANGKA BELITUNG,3.59,3.61,2018
312,KEP. RIAU,7.3,8.04,2018
313,DKI JAKARTA,5.73,6.65,2018
314,JAWA BARAT,8.22,8.23,2018
315,JAWA TENGAH,4.19,4.47,2018
316,DI YOGYAKARTA,3.0,3.37,2018
317,JAWA TIMUR,3.77,3.91,2018
318,BANTEN,7.72,8.47,2018
319,BALI,0.88,1.4,2018
320,NUSA TENGGARA BARAT,3.28,3.58,2018
321,NUSA TENGGARA TIMUR,2.82,2.85,2018
322,KALIMANTAN BARAT,4.09,4.18,2018
323,KALIMANTAN TENGAH,3.14,3.91,2018
324,KALIMANTAN SELATAN,3.72,4.35,2018
325,KALIMANTAN TIMUR,6.79,6.41,2018
326,KALIMANTAN UTARA,4.7,5.11,2018
327,SULAWESI UTARA,5.86,6.61,2018
328,SULAWESI TENGAH,3.12,3.37,2018
329,SULAWESI SELATAN,5.04,4.94,2018
330,SULAWESI TENGGARA,2.77,3.19,2018
331,GORONTALO,3.38,3.7,2018
332,SULAWESI BARAT,2.33,3.01,2018
333,MALUKU,7.07,6.95,2018
334,MALUKU UTARA,4.56,4.63,2018
335,PAPUA BARAT,6.27,6.45,2018
336,PAPUA BARAT DAYA,6.3149999999999995,6.48,2018
337,PAPUA,2.75,3.0,2018
338,PAPUA SELATAN,4.825,4.05,2018
339,PAPUA TENGAH,3.02,2.75,2018
340,PAPUA PEGUNUNGAN,1.43,1.32,2018
341,INDONESIA,5.1,5.3,2018
342,SUMATERA UTARA,5.57,5.39,2019
343,SUMATERA BARAT,5.38,5.38,2019
344,RIAU,5.36,5.76,2019
345,JAMBI,3.52,4.06,2019
346,SUMATERA SELATAN,4.02,4.53,2019
347,BENGKULU,2.41,3.26,2019
348,LAMPUNG,3.95,4.03,2019
349,KEP. BANGKA BELITUNG,3.32,3.58,2019
350,KEP. RIAU,7.02,7.5,2019
351,DKI JAKARTA,5.5,6.54,2019
352,JAWA BARAT,7.78,8.04,2019
353,JAWA TENGAH,4.19,4.44,2019
354,DI YOGYAKARTA,2.89,3.18,2019
355,JAWA TIMUR,3.77,3.82,2019
356,BANTEN,7.55,8.11,2019
357,BALI,1.22,1.57,2019
358,NUSA TENGGARA BARAT,3.15,3.28,2019
359,NUSA TENGGARA TIMUR,2.98,3.14,2019
360,KALIMANTAN BARAT,4.06,4.35,2019
361,KALIMANTAN TENGAH,3.21,4.04,2019
362,KALIMANTAN SELATAN,3.41,4.18,2019
363,KALIMANTAN TIMUR,6.65,5.94,2019
364,KALIMANTAN UTARA,5.84,4.49,2019
365,SULAWESI UTARA,5.17,6.01,2019
366,SULAWESI TENGAH,3.46,3.11,2019
367,SULAWESI SELATAN,5.1,4.62,2019
368,SULAWESI TENGGARA,2.88,3.52,2019
369,GORONTALO,3.25,3.76,2019
370,SULAWESI BARAT,1.29,2.98,2019
371,MALUKU,6.61,6.69,2019
372,MALUKU UTARA,4.96,4.81,2019
373,PAPUA BARAT,5.81,6.43,2019
374,PAPUA BARAT DAYA,6.3149999999999995,6.48,2019
375,PAPUA,3.22,3.51,2019
376,PAPUA SELATAN,4.825,4.05,2019
377,PAPUA TENGAH,3.02,2.75,2019
378,PAPUA PEGUNUNGAN,1.43,1.32,2019
379,INDONESIA,4.98,5.23,2019
380,SUMATERA UTARA,4.71,6.91,2020
381,SUMATERA BARAT,5.25,6.88,2020
382,RIAU,4.92,6.32,2020
383,JAMBI,4.26,5.13,2020
384,SUMATERA SELATAN,3.9,5.51,2020
385,BENGKULU,3.08,4.07,2020
386,LAMPUNG,4.26,4.67,2020
387,KEP. BANGKA BELITUNG,3.35,5.25,2020
388,KEP. RIAU,5.98,10.34,2020
389,DKI JAKARTA,5.15,10.95,2020
390,JAWA BARAT,7.71,10.46,2020
391,JAWA TENGAH,4.2,6.48,2020
392,DI YOGYAKARTA,3.38,4.57,2020
393,JAWA TIMUR,3.6,5.84,2020
394,BANTEN,7.99,10.64,2020
395,BALI,1.25,5.63,2020
396,NUSA TENGGARA BARAT,3.04,4.22,2020
397,NUSA TENGGARA TIMUR,2.64,4.28,2020
398,KALIMANTAN BARAT,4.47,5.81,2020
399,KALIMANTAN TENGAH,3.33,4.58,2020
400,KALIMANTAN SELATAN,3.67,4.74,2020
401,KALIMANTAN TIMUR,6.72,6.87,2020
402,KALIMANTAN UTARA,5.71,4.97,2020
403,SULAWESI UTARA,5.34,7.37,2020
404,SULAWESI TENGAH,2.93,3.77,2020
405,SULAWESI SELATAN,5.7,6.31,2020
406,SULAWESI TENGGARA,3.1,4.58,2020
407,GORONTALO,3.29,4.28,2020
408,SULAWESI BARAT,2.39,3.32,2020
409,MALUKU,6.71,7.57,2020
410,MALUKU UTARA,4.09,5.15,2020
411,PAPUA BARAT,6.78,6.8,2020
412,PAPUA BARAT DAYA,6.3149999999999995,6.48,2020
413,PAPUA,3.42,4.28,2020
414,PAPUA SELATAN,4.825,4.05,2020
415,PAPUA TENGAH,3.02,2.75,2020
416,PAPUA PEGUNUNGAN,1.43,1.32,2020
417,INDONESIA,4.94,7.07,2020
418,SUMATERA UTARA,6.01,6.33,2021
419,SUMATERA BARAT,6.67,6.52,2021
420,RIAU,4.96,4.42,2021
421,JAMBI,4.76,5.09,2021
422,SUMATERA SELATAN,5.17,4.98,2021
423,BENGKULU,3.72,3.65,2021
424,LAMPUNG,4.54,4.69,2021
425,KEP. BANGKA BELITUNG,5.04,5.03,2021
426,KEP. RIAU,10.12,9.91,2021
427,DKI JAKARTA,8.51,8.5,2021
428,JAWA BARAT,8.92,9.82,2021
429,JAWA TENGAH,5.96,5.95,2021
430,DI YOGYAKARTA,4.28,4.56,2021
431,JAWA TIMUR,5.17,5.74,2021
432,BANTEN,9.01,8.98,2021
433,BALI,5.42,5.37,2021
434,NUSA TENGGARA BARAT,3.97,3.01,2021
435,NUSA TENGGARA TIMUR,3.38,3.77,2021
436,KALIMANTAN BARAT,5.73,5.82,2021
437,KALIMANTAN TENGAH,4.25,4.53,2021
438,KALIMANTAN SELATAN,4.33,4.95,2021
439,KALIMANTAN TIMUR,6.81,6.83,2021
440,KALIMANTAN UTARA,4.67,4.58,2021
441,SULAWESI UTARA,7.28,7.06,2021
442,SULAWESI TENGAH,3.73,3.75,2021
443,SULAWESI SELATAN,5.79,5.72,2021
444,SULAWESI TENGGARA,4.22,3.92,2021
445,GORONTALO,3.41,3.01,2021
446,SULAWESI BARAT,3.28,3.13,2021
447,MALUKU,6.73,6.93,2021
448,MALUKU UTARA,5.06,4.71,2021
449,PAPUA BARAT,6.18,5.84,2021
450,PAPUA BARAT DAYA,6.3149999999999995,6.48,2021
451,PAPUA,3.77,3.33,2021
452,PAPUA SELATAN,4.825,4.05,2021
453,PAPUA TENGAH,3.02,2.75,2021
454,PAPUA PEGUNUNGAN,1.43,1.32,2021
455,INDONESIA,6.26,6.49,2021
456,SUMATERA UTARA,5.47,6.16,2022
457,SUMATERA BARAT,6.17,6.28,2022
458,RIAU,4.4,4.37,2022
459,JAMBI,4.7,4.59,2022
460,SUMATERA SELATAN,4.74,4.63,2022
461,BENGKULU,3.39,3.59,2022
462,LAMPUNG,4.31,4.52,2022
463,KEP. BANGKA BELITUNG,4.18,4.77,2022
464,KEP. RIAU,8.02,8.23,2022
465,DKI JAKARTA,8.0,7.18,2022
466,JAWA BARAT,8.35,8.31,2022
467,JAWA TENGAH,5.75,5.57,2022
468,DI YOGYAKARTA,3.73,4.06,2022
469,JAWA TIMUR,4.81,5.49,2022
470,BANTEN,8.53,8.09,2022
471,BALI,4.84,4.8,2022
472,NUSA TENGGARA BARAT,3.92,2.89,2022
473,NUSA TENGGARA TIMUR,3.3,3.54,2022
474,KALIMANTAN BARAT,4.86,5.11,2022
475,KALIMANTAN TENGAH,4.2,4.26,2022
476,KALIMANTAN SELATAN,4.2,4.74,2022
477,KALIMANTAN TIMUR,6.77,5.71,2022
478,KALIMANTAN UTARA,4.62,4.33,2022
479,SULAWESI UTARA,6.51,6.61,2022
480,SULAWESI TENGAH,3.67,3.0,2022
481,SULAWESI SELATAN,5.75,4.51,2022
482,SULAWESI TENGGARA,3.86,3.36,2022
483,GORONTALO,3.25,2.58,2022
484,SULAWESI BARAT,3.11,2.34,2022
485,MALUKU,6.44,6.88,2022
486,MALUKU UTARA,4.98,3.98,2022
487,PAPUA BARAT,5.78,5.37,2022
488,PAPUA BARAT DAYA,6.3149999999999995,6.48,2022
489,PAPUA,3.6,2.83,2022
490,PAPUA SELATAN,4.825,4.05,2022
491,PAPUA TENGAH,3.02,2.75,2022
492,PAPUA PEGUNUNGAN,1.43,1.32,2022
493,INDONESIA,5.83,5.86,2022
494,SUMATERA UTARA,5.24,5.89,2023
495,SUMATERA BARAT,5.9,5.94,2023
496,RIAU,4.25,4.23,2023
497,JAMBI,4.5,4.53,2023
498,SUMATERA SELATAN,4.53,4.11,2023
499,BENGKULU,3.21,3.42,2023
500,LAMPUNG,4.18,4.23,2023
501,KEP. BANGKA BELITUNG,3.89,4.56,2023
502,KEP. RIAU,7.61,6.8,2023
503,DKI JAKARTA,7.57,6.53,2023
504,JAWA BARAT,7.89,7.44,2023
505,JAWA TENGAH,5.24,5.13,2023
506,DI YOGYAKARTA,3.58,3.69,2023
507,JAWA TIMUR,4.33,4.88,2023
508,BANTEN,7.97,7.52,2023
509,BALI,3.73,2.69,2023
510,NUSA TENGGARA BARAT,3.73,2.8,2023
511,NUSA TENGGARA TIMUR,3.1,3.14,2023
512,KALIMANTAN BARAT,4.52,5.05,2023
513,KALIMANTAN TENGAH,3.84,4.1,2023
514,KALIMANTAN SELATAN,3.95,4.31,2023
515,KALIMANTAN TIMUR,6.37,5.31,2023
516,KALIMANTAN UTARA,4.1,4.01,2023
517,SULAWESI UTARA,6.19,6.1,2023
518,SULAWESI TENGAH,3.49,2.95,2023
519,SULAWESI SELATAN,5.26,4.33,2023
520,SULAWESI TENGGARA,3.66,3.15,2023
521,GORONTALO,3.07,3.06,2023
522,SULAWESI BARAT,3.04,2.27,2023
523,MALUKU,6.08,6.31,2023
524,MALUKU UTARA,4.6,4.31,2023
525,PAPUA BARAT,5.53,5.38,2023
526,PAPUA BARAT DAYA,6.3149999999999995,6.48,2023
527,PAPUA,3.49,2.67,2023
528,PAPUA SELATAN,4.825,4.05,2023
529,PAPUA TENGAH,3.02,2.75,2023
530,PAPUA PEGUNUNGAN,1.43,1.32,2023
531,INDONESIA,5.45,5.32,2023
532,SUMATERA UTARA,5.1,5.6,2024
533,SUMATERA BARAT,5.79,5.75,2024
534,RIAU,3.85,3.7,2024
535,JAMBI,4.45,4.48,2024
536,SUMATERA SELATAN,3.97,3.86,2024
537,BENGKULU,3.17,3.11,2024
538,LAMPUNG,4.12,4.19,2024
539,KEP. BANGKA BELITUNG,3.85,4.63,2024
540,KEP. RIAU,6.94,6.39,2024
541,DKI JAKARTA,6.03,6.21,2024
542,JAWA BARAT,6.91,6.75,2024
543,JAWA TENGAH,4.39,4.78,2024
544,DI YOGYAKARTA,3.24,3.48,2024
545,JAWA TIMUR,3.74,4.19,2024
546,BANTEN,7.02,6.68,2024
547,BALI,1.87,1.79,2024
548,NUSA TENGGARA BARAT,3.3,2.73,2024
549,NUSA TENGGARA TIMUR,3.17,3.02,2024
550,KALIMANTAN BARAT,4.2,4.86,2024
551,KALIMANTAN TENGAH,3.67,4.01,2024
552,KALIMANTAN SELATAN,3.89,4.2,2024
553,KALIMANTAN TIMUR,5.75,5.14,2024
554,KALIMANTAN UTARA,4.01,3.9,2024
555,SULAWESI UTARA,5.98,5.85,2024
556,SULAWESI TENGAH,3.15,2.94,2024
557,SULAWESI SELATAN,4.9,4.19,2024
558,SULAWESI TENGGARA,3.22,3.09,2024
559,GORONTALO,3.05,3.13,2024
560,SULAWESI BARAT,3.02,2.68,2024
561,MALUKU,5.96,6.11,2024
562,MALUKU UTARA,4.16,4.03,2024
563,PAPUA BARAT,4.31,4.13,2024
564,PAPUA BARAT DAYA,6.02,6.48,2024
565,PAPUA,5.81,6.48,2024
566,PAPUA SELATAN,4.75,4.05,2024
567,PAPUA TENGAH,2.49,2.75,2024
568,PAPUA PEGUNUNGAN,1.18,1.32,2024
569,INDONESIA,4.82,4.91,2024
570,SUMATERA UTARA,5.05,6.303333333333334,2025
571,SUMATERA BARAT,5.69,6.3406666666666665,2025
572,RIAU,4.12,5.832,2025
573,JAMBI,4.48,4.458666666666667,2025
574,SUMATERA SELATAN,3.89,5.024666666666667,2025
575,BENGKULU,3.24,3.743333333333333,2025
576,LAMPUNG,4.07,4.806,2025
577,KEP. BANGKA BELITUNG,4.17,4.387333333333333,2025
578,KEP. RIAU,6.89,7.196,2025
579,DKI JAKARTA,6.18,8.170666666666667,2025
580,JAWA BARAT,6.74,8.790666666666668,2025
581,JAWA TENGAH,4.33,5.439333333333334,2025
582,DI YOGYAKARTA,3.18,3.818,2025
583,JAWA TIMUR,3.61,4.585333333333334,2025
584,BANTEN,6.64,9.480666666666666,2025
585,BALI,1.58,2.6966666666666668,2025
586,NUSA TENGGARA BARAT,3.22,4.152,2025
587,NUSA TENGGARA TIMUR,3.23,3.3393333333333337,2025
588,KALIMANTAN BARAT,4.23,4.647333333333333,2025
589,KALIMANTAN TENGAH,3.47,4.005333333333334,2025
590,KALIMANTAN SELATAN,3.94,4.72,2025
591,KALIMANTAN TIMUR,5.33,7.363333333333332,2025
592,KALIMANTAN UTARA,3.9,4.784000000000001,2025
593,SULAWESI UTARA,6.03,7.334666666666667,2025
594,SULAWESI TENGAH,3.02,3.8200000000000003,2025
595,SULAWESI SELATAN,4.96,5.578,2025
596,SULAWESI TENGGARA,3.27,3.9086666666666665,2025
597,GORONTALO,3.12,3.9939999999999998,2025
598,SULAWESI BARAT,3.17,2.854,2025
599,MALUKU,5.95,8.174666666666667,2025
600,MALUKU UTARA,4.26,4.819333333333333,2025
601,PAPUA BARAT,4.21,6.112,2025
602,PAPUA BARAT DAYA,6.61,6.48,2025
603,PAPUA,6.92,3.7286666666666664,2025
604,PAPUA SELATAN,4.9,4.05,2025
605,PAPUA TENGAH,3.55,2.75,2025
606,PAPUA PEGUNUNGAN,1.68,1.32,2025
607,INDONESIA,4.76,6.022,2025
